{"loss": [], "training_accuracy": [0.08984375, 0.232421875, 0.271484375, 0.291015625, 0.30078125, 0.314453125, 0.328125, 0.34375, 0.376953125, 0.404296875, 0.419921875, 0.40625, 0.392578125, 0.3984375, 0.40625, 0.40625, 0.40625, 0.408203125, 0.40625, 0.41015625, 0.408203125, 0.412109375, 0.412109375, 0.408203125, 0.412109375, 0.41796875, 0.419921875, 0.421875, 0.423828125, 0.427734375, 0.4296875, 0.43359375, 0.4375, 0.447265625, 0.447265625, 0.4453125, 0.443359375, 0.443359375, 0.453125, 0.458984375, 0.4609375, 0.462890625, 0.466796875, 0.470703125, 0.470703125, 0.47265625, 0.474609375, 0.4765625, 0.482421875, 0.486328125, 0.48828125, 0.4921875, 0.4921875, 0.49609375, 0.5, 0.501953125, 0.5078125, 0.509765625, 0.51171875, 0.515625, 0.525390625, 0.533203125, 0.5390625, 0.541015625, 0.544921875, 0.544921875, 0.544921875, 0.544921875, 0.552734375, 0.560546875, 0.5625, 0.564453125, 0.56640625, 0.568359375, 0.576171875, 0.576171875, 0.580078125, 0.576171875, 0.576171875, 0.580078125, 0.583984375, 0.583984375, 0.591796875, 0.59375, 0.59375, 0.595703125, 0.6015625, 0.609375, 0.615234375, 0.619140625, 0.62109375, 0.626953125, 0.630859375, 0.6328125, 0.6328125, 0.634765625, 0.640625, 0.6484375, 0.650390625, 0.65234375], "validation_accuracy": [0.10358565737051793, 0.19123505976095617, 0.17131474103585656, 0.21912350597609562, 0.22709163346613545, 0.22709163346613545, 0.22709163346613545, 0.23107569721115537, 0.23904382470119523, 0.26693227091633465, 0.2948207171314741, 0.29880478087649404, 0.33067729083665337, 0.3346613545816733, 0.3386454183266932, 0.32270916334661354, 0.3187250996015936, 0.3187250996015936, 0.32270916334661354, 0.32270916334661354, 0.32669322709163345, 0.33067729083665337, 0.3386454183266932, 0.3426294820717131, 0.3466135458167331, 0.350597609561753, 0.35856573705179284, 0.35856573705179284, 0.35856573705179284, 0.35856573705179284, 0.35856573705179284, 0.35856573705179284, 0.36254980079681276, 0.3705179282868526, 0.3705179282868526, 0.3745019920318725, 0.3705179282868526, 0.3705179282868526, 0.3705179282868526, 0.3705179282868526, 0.3705179282868526, 0.3705179282868526, 0.3665338645418327, 0.3665338645418327, 0.3705179282868526, 0.3745019920318725, 0.3745019920318725, 0.3784860557768924, 0.38247011952191234, 0.38247011952191234, 0.38645418326693226, 0.3904382470119522, 0.3904382470119522, 0.38247011952191234, 0.3784860557768924, 0.3784860557768924, 0.40239043824701193, 0.40239043824701193, 0.40239043824701193, 0.3944223107569721, 0.3944223107569721, 0.3944223107569721, 0.398406374501992, 0.398406374501992, 0.398406374501992, 0.398406374501992, 0.398406374501992, 0.398406374501992, 0.40239043824701193, 0.40239043824701193, 0.4063745019920319, 0.4063745019920319, 0.4103585657370518, 0.41434262948207173, 0.41434262948207173, 0.4103585657370518, 0.41434262948207173, 0.41832669322709165, 0.41434262948207173, 0.4103585657370518, 0.41434262948207173, 0.41434262948207173, 0.41434262948207173, 0.4103585657370518, 0.4103585657370518, 0.4103585657370518, 0.4103585657370518, 0.4103585657370518, 0.41434262948207173, 0.4103585657370518, 0.41434262948207173, 0.41832669322709165, 0.41832669322709165, 0.41832669322709165, 0.41832669322709165, 0.41832669322709165, 0.42231075697211157, 0.42231075697211157, 0.41832669322709165, 0.41434262948207173], "testing_accuracy": -1, "other_comments": null, "model_structure": "GRU with dropout 0.5, timestep 60, hidden units 256, nb layer 1, nb epoch 100, batch size 512, lr 1e-04"}