{"loss": [], "training_accuracy": [0.216796875, 0.388671875, 0.412109375, 0.419921875, 0.423828125, 0.423828125, 0.423828125, 0.443359375, 0.4375, 0.455078125, 0.470703125, 0.490234375, 0.501953125, 0.5234375, 0.541015625, 0.564453125, 0.59765625, 0.59765625, 0.61328125, 0.6328125, 0.666015625, 0.6953125, 0.716796875, 0.74609375, 0.759765625, 0.759765625, 0.8203125, 0.7890625, 0.841796875, 0.783203125, 0.82421875, 0.849609375, 0.880859375, 0.888671875, 0.89453125, 0.912109375, 0.921875, 0.91796875, 0.935546875, 0.939453125, 0.943359375, 0.9375, 0.9453125, 0.927734375, 0.923828125, 0.873046875, 0.84375, 0.86328125, 0.890625, 0.88671875, 0.94140625, 0.923828125, 0.94140625, 0.94921875, 0.962890625, 0.9609375, 0.962890625, 0.966796875, 0.966796875, 0.966796875, 0.966796875, 0.966796875, 0.966796875, 0.966796875, 0.966796875, 0.966796875, 0.966796875, 0.966796875, 0.96875, 0.96875, 0.96875, 0.970703125, 0.970703125, 0.970703125, 0.970703125, 0.970703125, 0.96875, 0.966796875, 0.966796875, 0.966796875, 0.966796875, 0.966796875, 0.966796875, 0.96484375, 0.96484375, 0.96484375, 0.96484375, 0.96484375, 0.96484375, 0.962890625, 0.962890625, 0.962890625, 0.962890625, 0.962890625, 0.962890625, 0.962890625, 0.962890625, 0.962890625, 0.962890625, 0.962890625], "validation_accuracy": [0.32669322709163345, 0.29880478087649404, 0.38645418326693226, 0.3904382470119522, 0.4063745019920319, 0.40239043824701193, 0.4103585657370518, 0.40239043824701193, 0.4103585657370518, 0.4103585657370518, 0.398406374501992, 0.38645418326693226, 0.3904382470119522, 0.4063745019920319, 0.4063745019920319, 0.38645418326693226, 0.3904382470119522, 0.38247011952191234, 0.3745019920318725, 0.3944223107569721, 0.3904382470119522, 0.3784860557768924, 0.4103585657370518, 0.398406374501992, 0.38645418326693226, 0.3705179282868526, 0.3904382470119522, 0.42231075697211157, 0.398406374501992, 0.38645418326693226, 0.398406374501992, 0.4103585657370518, 0.41434262948207173, 0.3784860557768924, 0.4103585657370518, 0.4103585657370518, 0.4103585657370518, 0.3904382470119522, 0.4063745019920319, 0.3745019920318725, 0.4103585657370518, 0.3944223107569721, 0.4302788844621514, 0.36254980079681276, 0.41832669322709165, 0.4262948207171315, 0.3745019920318725, 0.41434262948207173, 0.44621513944223107, 0.450199203187251, 0.44621513944223107, 0.4262948207171315, 0.4342629482071713, 0.43824701195219123, 0.43824701195219123, 0.42231075697211157, 0.4302788844621514, 0.4302788844621514, 0.4541832669322709, 0.450199203187251, 0.4302788844621514, 0.43824701195219123, 0.4342629482071713, 0.4302788844621514, 0.41434262948207173, 0.42231075697211157, 0.4262948207171315, 0.42231075697211157, 0.42231075697211157, 0.4302788844621514, 0.4342629482071713, 0.4262948207171315, 0.42231075697211157, 0.4262948207171315, 0.41832669322709165, 0.41434262948207173, 0.4103585657370518, 0.4103585657370518, 0.4103585657370518, 0.4103585657370518, 0.4103585657370518, 0.4103585657370518, 0.41434262948207173, 0.41434262948207173, 0.41832669322709165, 0.41832669322709165, 0.42231075697211157, 0.4262948207171315, 0.42231075697211157, 0.41832669322709165, 0.41832669322709165, 0.41832669322709165, 0.42231075697211157, 0.41832669322709165, 0.41832669322709165, 0.42231075697211157, 0.42231075697211157, 0.42231075697211157, 0.41832669322709165, 0.41832669322709165], "testing_accuracy": -1, "other_comments": null, "model_structure": "LSTM with dropout 0.5, timestep 60, hidden units 256, nb layer 1, nb epoch 100, batch size 512, lr 1e-03"}