{"loss": [], "training_accuracy": [0.171875, 0.341796875, 0.37890625, 0.384765625, 0.3984375, 0.40625, 0.41015625, 0.41015625, 0.408203125, 0.408203125, 0.4140625, 0.41796875, 0.41796875, 0.416015625, 0.4296875, 0.43359375, 0.439453125, 0.435546875, 0.44140625, 0.443359375, 0.443359375, 0.447265625, 0.455078125, 0.455078125, 0.46484375, 0.46875, 0.47265625, 0.482421875, 0.482421875, 0.48046875, 0.478515625, 0.482421875, 0.48828125, 0.49609375, 0.50390625, 0.5078125, 0.517578125, 0.51953125, 0.52734375, 0.533203125, 0.548828125, 0.5546875, 0.564453125, 0.5703125, 0.5703125, 0.57421875, 0.576171875, 0.583984375, 0.5859375, 0.59375, 0.595703125, 0.611328125, 0.609375, 0.6171875, 0.6171875, 0.623046875, 0.626953125, 0.63671875, 0.638671875, 0.640625, 0.646484375, 0.65234375, 0.654296875, 0.658203125, 0.6640625, 0.6640625, 0.662109375, 0.6640625, 0.669921875, 0.67578125, 0.677734375, 0.681640625, 0.681640625, 0.6875, 0.6875, 0.693359375, 0.697265625, 0.708984375, 0.708984375, 0.71484375, 0.716796875, 0.71875, 0.720703125, 0.7265625, 0.724609375, 0.728515625, 0.73046875, 0.734375, 0.734375, 0.73828125, 0.740234375, 0.748046875, 0.75390625, 0.7578125, 0.7578125, 0.763671875, 0.76953125, 0.767578125, 0.763671875, 0.78515625], "validation_accuracy": [0.22310756972111553, 0.28286852589641437, 0.2948207171314741, 0.3426294820717131, 0.35856573705179284, 0.3784860557768924, 0.398406374501992, 0.4103585657370518, 0.4103585657370518, 0.40239043824701193, 0.3904382470119522, 0.3904382470119522, 0.398406374501992, 0.40239043824701193, 0.4063745019920319, 0.40239043824701193, 0.398406374501992, 0.40239043824701193, 0.40239043824701193, 0.40239043824701193, 0.4063745019920319, 0.41434262948207173, 0.41832669322709165, 0.42231075697211157, 0.41832669322709165, 0.4262948207171315, 0.44223107569721115, 0.44621513944223107, 0.4541832669322709, 0.4541832669322709, 0.44621513944223107, 0.44621513944223107, 0.44223107569721115, 0.44223107569721115, 0.43824701195219123, 0.4342629482071713, 0.44223107569721115, 0.44223107569721115, 0.44621513944223107, 0.4342629482071713, 0.4302788844621514, 0.4342629482071713, 0.43824701195219123, 0.44223107569721115, 0.44223107569721115, 0.44223107569721115, 0.43824701195219123, 0.4342629482071713, 0.43824701195219123, 0.43824701195219123, 0.43824701195219123, 0.4342629482071713, 0.4342629482071713, 0.43824701195219123, 0.4342629482071713, 0.4342629482071713, 0.4342629482071713, 0.4342629482071713, 0.4342629482071713, 0.4302788844621514, 0.4302788844621514, 0.41434262948207173, 0.4262948207171315, 0.4342629482071713, 0.4342629482071713, 0.43824701195219123, 0.44223107569721115, 0.44223107569721115, 0.44621513944223107, 0.4541832669322709, 0.450199203187251, 0.44621513944223107, 0.450199203187251, 0.44223107569721115, 0.44621513944223107, 0.43824701195219123, 0.44621513944223107, 0.450199203187251, 0.4541832669322709, 0.4581673306772908, 0.4581673306772908, 0.4541832669322709, 0.4541832669322709, 0.4541832669322709, 0.44621513944223107, 0.44621513944223107, 0.44621513944223107, 0.44621513944223107, 0.44621513944223107, 0.43824701195219123, 0.4342629482071713, 0.4342629482071713, 0.44223107569721115, 0.44223107569721115, 0.4342629482071713, 0.43824701195219123, 0.43824701195219123, 0.4302788844621514, 0.44223107569721115, 0.4342629482071713], "testing_accuracy": -1, "other_comments": null, "model_structure": "RNN with dropout 0.5, relu, timestep 60, hidden units 512, nb layer 1, nb epoch 100, batch size 512, lr 1e-04"}