{"loss": [], "training_accuracy": [], "validation_accuracy": [0.3426294820717131, 0.4262948207171315, 0.46613545816733065, 0.4701195219123506, 0.5617529880478087, 0.6812749003984063, 0.6294820717131474, 0.6892430278884463, 0.6414342629482072, 0.7290836653386454, 0.6454183266932271, 0.7131474103585658, 0.6693227091633466, 0.7211155378486056, 0.6932270916334662, 0.7410358565737052, 0.7330677290836654, 0.7211155378486056, 0.7131474103585658, 0.7370517928286853, 0.8127490039840638, 0.7330677290836654, 0.7848605577689243, 0.7609561752988048, 0.7330677290836654, 0.7450199203187251, 0.749003984063745, 0.7529880478087649, 0.7729083665338645, 0.7609561752988048, 0.7609561752988048, 0.7729083665338645, 0.7609561752988048, 0.7649402390438247, 0.7808764940239044, 0.7808764940239044, 0.7689243027888446, 0.7689243027888446, 0.7768924302788844, 0.7848605577689243, 0.7649402390438247, 0.7569721115537849, 0.7569721115537849, 0.6772908366533864, 0.6454183266932271, 0.7729083665338645, 0.7609561752988048, 0.7689243027888446, 0.7848605577689243, 0.7808764940239044, 0.7649402390438247, 0.749003984063745, 0.7609561752988048, 0.7529880478087649, 0.7609561752988048, 0.7569721115537849, 0.7729083665338645, 0.7529880478087649, 0.749003984063745, 0.7649402390438247, 0.7569721115537849, 0.7529880478087649, 0.7609561752988048, 0.7649402390438247, 0.7689243027888446, 0.7609561752988048, 0.7649402390438247, 0.7609561752988048, 0.7609561752988048, 0.7689243027888446, 0.7689243027888446, 0.7569721115537849, 0.7729083665338645, 0.7649402390438247, 0.7569721115537849, 0.7768924302788844, 0.7689243027888446, 0.7689243027888446, 0.7689243027888446, 0.7689243027888446, 0.7729083665338645, 0.7768924302788844, 0.7689243027888446, 0.7609561752988048, 0.7689243027888446, 0.7569721115537849, 0.7848605577689243, 0.7649402390438247, 0.7689243027888446, 0.7689243027888446, 0.7768924302788844, 0.7808764940239044, 0.7689243027888446, 0.7529880478087649, 0.8007968127490039, 0.7569721115537849, 0.7689243027888446, 0.7689243027888446, 0.7649402390438247, 0.7729083665338645], "testing_accuracy": -1, "other_comments": null, "model_structure": null}