{"loss": [], "training_accuracy": [], "validation_accuracy": [0.40239043824701193, 0.43824701195219123, 0.545816733067729, 0.6454183266932271, 0.7330677290836654, 0.6772908366533864, 0.7569721115537849, 0.7051792828685259, 0.7091633466135459, 0.7330677290836654, 0.7330677290836654, 0.7529880478087649, 0.7450199203187251, 0.6972111553784861, 0.7370517928286853, 0.7211155378486056, 0.7290836653386454, 0.7370517928286853, 0.7290836653386454, 0.7450199203187251, 0.7569721115537849, 0.7529880478087649, 0.7410358565737052, 0.7450199203187251, 0.749003984063745, 0.6932270916334662, 0.7330677290836654, 0.701195219123506, 0.7450199203187251, 0.7569721115537849, 0.7450199203187251, 0.7211155378486056, 0.749003984063745, 0.7370517928286853, 0.7450199203187251, 0.7290836653386454, 0.6972111553784861, 0.701195219123506, 0.7091633466135459, 0.6972111553784861, 0.6812749003984063, 0.8047808764940239, 0.7290836653386454, 0.7808764940239044, 0.6972111553784861, 0.7330677290836654, 0.749003984063745, 0.7768924302788844, 0.7729083665338645, 0.7569721115537849, 0.7609561752988048, 0.7569721115537849, 0.7649402390438247, 0.7808764940239044, 0.7768924302788844, 0.7569721115537849, 0.7649402390438247, 0.7808764940239044, 0.7569721115537849, 0.7609561752988048, 0.7689243027888446, 0.7729083665338645, 0.7729083665338645, 0.7689243027888446, 0.7529880478087649, 0.7330677290836654, 0.6374501992031872, 0.7131474103585658, 0.7450199203187251, 0.7529880478087649, 0.749003984063745, 0.749003984063745, 0.7609561752988048, 0.749003984063745, 0.7370517928286853, 0.7450199203187251, 0.7410358565737052, 0.7649402390438247, 0.7569721115537849, 0.7529880478087649, 0.7529880478087649, 0.7569721115537849, 0.7450199203187251, 0.7529880478087649, 0.7609561752988048, 0.749003984063745, 0.7450199203187251, 0.7529880478087649, 0.749003984063745, 0.749003984063745, 0.7609561752988048, 0.7569721115537849, 0.7689243027888446, 0.7250996015936255, 0.7410358565737052, 0.6294820717131474, 0.6812749003984063, 0.749003984063745, 0.7410358565737052, 0.7410358565737052], "testing_accuracy": -1, "other_comments": null, "model_structure": null}