{"loss": [], "training_accuracy": [], "validation_accuracy": [0.3386454183266932, 0.4860557768924303, 0.44621513944223107, 0.6294820717131474, 0.6135458167330677, 0.6772908366533864, 0.7410358565737052, 0.7649402390438247, 0.701195219123506, 0.7290836653386454, 0.7131474103585658, 0.7529880478087649, 0.7091633466135459, 0.7410358565737052, 0.7131474103585658, 0.7290836653386454, 0.701195219123506, 0.7330677290836654, 0.6693227091633466, 0.7450199203187251, 0.6892430278884463, 0.6932270916334662, 0.7649402390438247, 0.749003984063745, 0.7250996015936255, 0.6932270916334662, 0.701195219123506, 0.749003984063745, 0.7410358565737052, 0.7051792828685259, 0.749003984063745, 0.7569721115537849, 0.7250996015936255, 0.7649402390438247, 0.7131474103585658, 0.7410358565737052, 0.7171314741035857, 0.7250996015936255, 0.749003984063745, 0.7091633466135459, 0.7250996015936255, 0.7330677290836654, 0.7211155378486056, 0.7171314741035857, 0.7211155378486056, 0.7171314741035857, 0.7290836653386454, 0.7410358565737052, 0.749003984063745, 0.7330677290836654, 0.7290836653386454, 0.749003984063745, 0.7370517928286853, 0.7250996015936255, 0.7450199203187251, 0.7410358565737052, 0.7211155378486056, 0.7091633466135459, 0.7171314741035857, 0.6892430278884463, 0.7330677290836654, 0.7171314741035857, 0.7250996015936255, 0.7171314741035857, 0.7131474103585658, 0.7290836653386454, 0.7290836653386454, 0.7370517928286853, 0.7370517928286853, 0.7450199203187251, 0.7370517928286853, 0.7330677290836654, 0.7330677290836654, 0.7250996015936255, 0.7330677290836654, 0.7211155378486056, 0.7370517928286853, 0.7131474103585658, 0.7171314741035857, 0.7131474103585658, 0.701195219123506, 0.749003984063745, 0.7131474103585658, 0.6733067729083665, 0.7131474103585658, 0.7091633466135459, 0.7370517928286853, 0.7330677290836654, 0.749003984063745, 0.7211155378486056, 0.7051792828685259, 0.7131474103585658, 0.6693227091633466, 0.7290836653386454, 0.7290836653386454, 0.7131474103585658, 0.7250996015936255, 0.6613545816733067, 0.7330677290836654, 0.7529880478087649], "testing_accuracy": -1, "other_comments": null, "model_structure": null}