{"loss": [], "training_accuracy": [], "validation_accuracy": [0.40239043824701193, 0.4302788844621514, 0.4342629482071713, 0.6254980079681275, 0.6972111553784861, 0.6613545816733067, 0.6653386454183267, 0.7290836653386454, 0.701195219123506, 0.7131474103585658, 0.6852589641434262, 0.6653386454183267, 0.7091633466135459, 0.6334661354581673, 0.6812749003984063, 0.6374501992031872, 0.701195219123506, 0.649402390438247, 0.6932270916334662, 0.6972111553784861, 0.7051792828685259, 0.701195219123506, 0.6972111553784861, 0.6972111553784861, 0.7091633466135459, 0.701195219123506, 0.7131474103585658, 0.7091633466135459, 0.7091633466135459, 0.7171314741035857, 0.7091633466135459, 0.7091633466135459, 0.7091633466135459, 0.7091633466135459, 0.7171314741035857, 0.7290836653386454, 0.7091633466135459, 0.7091633466135459, 0.7250996015936255, 0.7250996015936255, 0.7211155378486056, 0.7171314741035857, 0.7211155378486056, 0.7131474103585658, 0.7250996015936255, 0.7131474103585658, 0.701195219123506, 0.7131474103585658, 0.7131474103585658, 0.7131474103585658, 0.7051792828685259, 0.7290836653386454, 0.7211155378486056, 0.7250996015936255, 0.7091633466135459, 0.7131474103585658, 0.7171314741035857, 0.7211155378486056, 0.7131474103585658, 0.6892430278884463, 0.5737051792828686, 0.5737051792828686, 0.5856573705179283, 0.6613545816733067, 0.6812749003984063, 0.6812749003984063, 0.6573705179282868, 0.6533864541832669, 0.6254980079681275, 0.7051792828685259, 0.6414342629482072, 0.6533864541832669, 0.6653386454183267, 0.6693227091633466, 0.6414342629482072, 0.6693227091633466, 0.6772908366533864, 0.6055776892430279, 0.6454183266932271, 0.6653386454183267, 0.6613545816733067, 0.6653386454183267, 0.6653386454183267, 0.6573705179282868, 0.6653386454183267, 0.6812749003984063, 0.6733067729083665, 0.6812749003984063, 0.6653386454183267, 0.6772908366533864, 0.6812749003984063, 0.6852589641434262, 0.6812749003984063, 0.6693227091633466, 0.6733067729083665, 0.6772908366533864, 0.6852589641434262, 0.6852589641434262, 0.6733067729083665, 0.6932270916334662], "testing_accuracy": -1, "other_comments": null, "model_structure": null}